/*
CREATE DATABASE A5;
USE A5;
*/

CREATE TABLE Pol(
	polID int not null,
	pol varchar(20)
);

CREATE TABLE Svojstvo_Roditelja(
	svojstvoID int not null,
	svojstvo text
);

CREATE TABLE Roditelj(
	roditeljID int not null,
	svojstvoID int,
	ime varchar(30),
	prezime varchar(50),
	adresa varchar(50),
	fiksni_telefon varchar(15),
	mobilni_telefon varchar(20)
);

CREATE TABLE Dete(
	deteID int not null,
	polID int,
	ime varchar(30),
	prezime varchar(50),
	datum_rodjenja date,
	datum_prijema date,
	beleske text,
	roditeljID int
);

CREATE TABLE Registar_Aktivnosti(
	aktivnostID int not null,
	deteID int not null,
	datum date not null,
	prisustvo varchar(5),
	beleska text
);

CREATE TABLE Aktivnosti(
	aktivnostID int not null,
	koordinatorID int,
	naziv_aktivnosti varchar(50),
	dan varchar(15),
	pocetak time,
	zavrsetak time
);

CREATE TABLE Koordinator(
	koordinatorID int not null,
	ime varchar(30),
	prezime varchar(50),
	zvanje text,
	adresa varchar(50),
	mobilni_telefon varchar(20)
);

/*Primary keys*/
ALTER TABLE Pol ADD CONSTRAINT PK_Pol PRIMARY KEY (polID);
ALTER TABLE Svojstvo_Roditelja ADD CONSTRAINT PK_Svojstvo_Roditelja PRIMARY KEY (svojstvoID);
ALTER TABLE Roditelj ADD CONSTRAINT PK_Roditelj PRIMARY KEY (roditeljID);
ALTER TABLE Dete ADD CONSTRAINT PK_Dete PRIMARY KEY (deteID);
ALTER TABLE Registar_Aktivnosti ADD CONSTRAINT PK_Registar_Aktivnosti PRIMARY KEY (aktivnostID,deteID,datum);
ALTER TABLE Aktivnosti ADD CONSTRAINT PK_Aktivnosti PRIMARY KEY (aktivnostID);
ALTER TABLE Koordinator ADD CONSTRAINT PK_Koordinator PRIMARY KEY (koordinatorID );

/*Constraints*/
ALTER TABLE Registar_Aktivnosti ADD CONSTRAINT prisustvo CHECK (prisustvo IN ('TRUE','FALSE'));
ALTER TABLE Aktivnosti ADD CONSTRAINT vreme CHECK (pocetak<zavrsetak);
ALTER TABLE Dete ADD CONSTRAINT prijem CHECK (datum_prijema>datum_rodjenja);

INSERT INTO Pol VALUES 
	(1,'Musko'),
	(2,'Zensko');

INSERT INTO Svojstvo_Roditelja VALUES
	(1,'Svojstvo1'),
	(2,'Svojstvo2'),
	(3,'Svojstvo3');

INSERT INTO Roditelj VALUES
	(1,1,'Roditelj1','Roditelj1','Adresa','016123123','0621231237'),
	(2,2,'Roditelj2','Roditelj2','Adresa','016123123','0621231237'),
	(3,3,'Roditelj3','Roditelj3','Adresa','016123123','0621231237'),
	(4,1,'Roditelj4','Roditelj4','Adresa','016123123','0621231237'),
	(5,2,'Roditelj5','Roditelj5','Adresa','016123123','0621231237'),
	(6,2,'Roditelj6','Roditelj6','Adresa','016123123','0621231237'),
	(7,2,'Roditelj7','Roditelj7','Adresa','016123123','0621231237'),
	(8,2,'Roditelj8','Roditelj8','Adresa','016123123','0621231237'),
	(9,1,'Roditelj9','Roditelj9','Adresa','016123123','0621231237'),
	(10,1,'Roditelj10','Roditelj10','Adresa','016123123','0621231237'),
	(11,3,'Roditelj11','Roditelj11','Adresa','016123123','0621231237'),
	(12,3,'Roditelj12','Roditelj12','Adresa','016123123','0621231237'),
	(13,1,'Roditelj13','Roditelj13','Adresa','016123123','0621231237'),
	(14,1,'Roditelj14','Roditelj14','Adresa','016123123','0621231237'),
	(15,2,'Roditelj15','Roditelj15','Adresa','016123123','0621231237'),
	(16,1,'Roditelj16','Roditelj16','Adresa','016123123','0621231237'),
	(17,3,'Roditelj17','Roditelj17','Adresa','016123123','0621231237'),
	(18,3,'Roditelj18','Roditelj18','Adresa','016123123','0621231237'),
	(19,1,'Roditelj19','Roditelj19','Adresa','016123123','0621231237'),
	(20,1,'Roditelj20','Roditelj20','Adresa','016123123','0621231237'),
	(21,3,'Roditelj21','Roditelj21','Adresa','016123123','0621231237'),
	(22,3,'Roditelj22','Roditelj22','Adresa','016123123','0621231237'),
	(23,2,'Roditelj23','Roditelj23','Adresa','016123123','0621231237'),
	(24,2,'Roditelj24','Roditelj24','Adresa','016123123','0621231237'),
	(25,3,'Roditelj25','Roditelj25','Adresa','016123123','0621231237'),
	(26,3,'Roditelj26','Roditelj26','Adresa','016123123','0621231237'),
	(27,1,'Roditelj27','Roditelj27','Adresa','016123123','0621231237'),
	(28,2,'Roditelj28','Roditelj28','Adresa','016123123','0621231237'),
	(29,3,'Roditelj29','Roditelj29','Adresa','016123123','0621231237'),
	(30,3,'Roditelj30','Roditelj30','Adresa','016123123','0621231237'),
	(31,1,'Roditelj31','Roditelj31','Adresa','016123123','0621231237'),
	(32,1,'Roditelj32','Roditelj32','Adresa','016123123','0621231237'),
	(33,1,'Roditelj33','Roditelj33','Adresa','016123123','0621231237'),
	(34,3,'Roditelj34','Roditelj34','Adresa','016123123','0621231237'),
	(35,2,'Roditelj35','Roditelj35','Adresa','016123123','0621231237'),
	(36,1,'Roditelj36','Roditelj36','Adresa','016123123','0621231237'),
	(37,3,'Roditelj37','Roditelj37','Adresa','016123123','0621231237'),
	(38,2,'Roditelj38','Roditelj38','Adresa','016123123','0621231237'),
	(39,2,'Roditelj39','Roditelj39','Adresa','016123123','0621231237'),
	(40,3,'Roditelj40','Roditelj40','Adresa','016123123','0621231237'),
	(41,2,'Roditelj41','Roditelj41','Adresa','016123123','0621231237'),
	(42,3,'Roditelj42','Roditelj42','Adresa','016123123','0621231237'),
	(43,2,'Roditelj43','Roditelj43','Adresa','016123123','0621231237'),
	(44,3,'Roditelj44','Roditelj44','Adresa','016123123','0621231237'),
	(45,2,'Roditelj45','Roditelj45','Adresa','016123123','0621231237'),
	(46,2,'Roditelj46','Roditelj46','Adresa','016123123','0621231237'),
	(47,2,'Roditelj47','Roditelj47','Adresa','016123123','0621231237'),
	(48,2,'Roditelj48','Roditelj48','Adresa','016123123','0621231237'),
	(49,3,'Roditelj49','Roditelj49','Adresa','016123123','0621231237'),
	(50,1,'Roditelj50','Roditelj50','Adresa','016123123','0621231237'),
	(51,1,'Roditelj51','Roditelj51','Adresa','016123123','0621231237'),
	(52,2,'Roditelj52','Roditelj52','Adresa','016123123','0621231237'),
	(53,1,'Roditelj53','Roditelj53','Adresa','016123123','0621231237'),
	(54,1,'Roditelj54','Roditelj54','Adresa','016123123','0621231237'),
	(55,3,'Roditelj55','Roditelj55','Adresa','016123123','0621231237'),
	(56,2,'Roditelj56','Roditelj56','Adresa','016123123','0621231237'),
	(57,1,'Roditelj57','Roditelj57','Adresa','016123123','0621231237'),
	(58,1,'Roditelj58','Roditelj58','Adresa','016123123','0621231237'),
	(59,2,'Roditelj59','Roditelj59','Adresa','016123123','0621231237'),
	(60,2,'Roditelj60','Roditelj60','Adresa','016123123','0621231237'),
	(61,1,'Roditelj61','Roditelj61','Adresa','016123123','0621231237'),
	(62,3,'Roditelj62','Roditelj62','Adresa','016123123','0621231237'),
	(63,3,'Roditelj63','Roditelj63','Adresa','016123123','0621231237'),
	(64,1,'Roditelj64','Roditelj64','Adresa','016123123','0621231237'),
	(65,1,'Roditelj65','Roditelj65','Adresa','016123123','0621231237'),
	(66,2,'Roditelj66','Roditelj66','Adresa','016123123','0621231237'),
	(67,3,'Roditelj67','Roditelj67','Adresa','016123123','0621231237'),
	(68,2,'Roditelj68','Roditelj68','Adresa','016123123','0621231237'),
	(69,2,'Roditelj69','Roditelj69','Adresa','016123123','0621231237'),
	(70,2,'Roditelj70','Roditelj70','Adresa','016123123','0621231237'),
	(71,2,'Roditelj71','Roditelj71','Adresa','016123123','0621231237'),
	(72,2,'Roditelj72','Roditelj72','Adresa','016123123','0621231237'),
	(73,2,'Roditelj73','Roditelj73','Adresa','016123123','0621231237'),
	(74,1,'Roditelj74','Roditelj74','Adresa','016123123','0621231237'),
	(75,2,'Roditelj75','Roditelj75','Adresa','016123123','0621231237'),
	(76,3,'Roditelj76','Roditelj76','Adresa','016123123','0621231237'),
	(77,2,'Roditelj77','Roditelj77','Adresa','016123123','0621231237'),
	(78,2,'Roditelj78','Roditelj78','Adresa','016123123','0621231237'),
	(79,1,'Roditelj79','Roditelj79','Adresa','016123123','0621231237'),
	(80,1,'Roditelj80','Roditelj80','Adresa','016123123','0621231237'),
	(81,1,'Roditelj81','Roditelj81','Adresa','016123123','0621231237'),
	(82,3,'Roditelj82','Roditelj82','Adresa','016123123','0621231237'),
	(83,3,'Roditelj83','Roditelj83','Adresa','016123123','0621231237'),
	(84,2,'Roditelj84','Roditelj84','Adresa','016123123','0621231237'),
	(85,3,'Roditelj85','Roditelj85','Adresa','016123123','0621231237'),
	(86,2,'Roditelj86','Roditelj86','Adresa','016123123','0621231237'),
	(87,1,'Roditelj87','Roditelj87','Adresa','016123123','0621231237'),
	(88,1,'Roditelj88','Roditelj88','Adresa','016123123','0621231237'),
	(89,3,'Roditelj89','Roditelj89','Adresa','016123123','0621231237'),
	(90,1,'Roditelj90','Roditelj90','Adresa','016123123','0621231237'),
	(91,3,'Roditelj91','Roditelj91','Adresa','016123123','0621231237'),
	(92,2,'Roditelj92','Roditelj92','Adresa','016123123','0621231237'),
	(93,3,'Roditelj93','Roditelj93','Adresa','016123123','0621231237'),
	(94,1,'Roditelj94','Roditelj94','Adresa','016123123','0621231237'),
	(95,2,'Roditelj95','Roditelj95','Adresa','016123123','0621231237'),
	(96,3,'Roditelj96','Roditelj96','Adresa','016123123','0621231237'),
	(97,1,'Roditelj97','Roditelj97','Adresa','016123123','0621231237'),
	(98,1,'Roditelj98','Roditelj98','Adresa','016123123','0621231237'),
	(99,3,'Roditelj99','Roditelj99','Adresa','016123123','0621231237'),
	(100,3,'Roditelj100','Roditelj100','Adresa','016123123','0621231237'),
	(101,3,'Roditelj101','Roditelj101','Adresa','016123123','0621231237'),
	(102,1,'Roditelj102','Roditelj102','Adresa','016123123','0621231237'),
	(103,3,'Roditelj103','Roditelj103','Adresa','016123123','0621231237'),
	(104,2,'Roditelj104','Roditelj104','Adresa','016123123','0621231237'),
	(105,3,'Roditelj105','Roditelj105','Adresa','016123123','0621231237'),
	(106,3,'Roditelj106','Roditelj106','Adresa','016123123','0621231237'),
	(107,1,'Roditelj107','Roditelj107','Adresa','016123123','0621231237'),
	(108,3,'Roditelj108','Roditelj108','Adresa','016123123','0621231237'),
	(109,2,'Roditelj109','Roditelj109','Adresa','016123123','0621231237'),
	(110,3,'Roditelj110','Roditelj110','Adresa','016123123','0621231237'),
	(111,1,'Roditelj111','Roditelj111','Adresa','016123123','0621231237'),
	(112,3,'Roditelj112','Roditelj112','Adresa','016123123','0621231237'),
	(113,1,'Roditelj113','Roditelj113','Adresa','016123123','0621231237'),
	(114,2,'Roditelj114','Roditelj114','Adresa','016123123','0621231237'),
	(115,1,'Roditelj115','Roditelj115','Adresa','016123123','0621231237'),
	(116,2,'Roditelj116','Roditelj116','Adresa','016123123','0621231237'),
	(117,1,'Roditelj117','Roditelj117','Adresa','016123123','0621231237'),
	(118,1,'Roditelj118','Roditelj118','Adresa','016123123','0621231237'),
	(119,2,'Roditelj119','Roditelj119','Adresa','016123123','0621231237'),
	(120,2,'Roditelj120','Roditelj120','Adresa','016123123','0621231237'),
	(121,2,'Roditelj121','Roditelj121','Adresa','016123123','0621231237'),
	(122,2,'Roditelj122','Roditelj122','Adresa','016123123','0621231237'),
	(123,2,'Roditelj123','Roditelj123','Adresa','016123123','0621231237'),
	(124,2,'Roditelj124','Roditelj124','Adresa','016123123','0621231237'),
	(125,2,'Roditelj125','Roditelj125','Adresa','016123123','0621231237'),
	(126,3,'Roditelj126','Roditelj126','Adresa','016123123','0621231237'),
	(127,2,'Roditelj127','Roditelj127','Adresa','016123123','0621231237'),
	(128,2,'Roditelj128','Roditelj128','Adresa','016123123','0621231237'),
	(129,2,'Roditelj129','Roditelj129','Adresa','016123123','0621231237'),
	(130,3,'Roditelj130','Roditelj130','Adresa','016123123','0621231237'),
	(131,3,'Roditelj131','Roditelj131','Adresa','016123123','0621231237'),
	(132,1,'Roditelj132','Roditelj132','Adresa','016123123','0621231237'),
	(133,2,'Roditelj133','Roditelj133','Adresa','016123123','0621231237'),
	(134,1,'Roditelj134','Roditelj134','Adresa','016123123','0621231237'),
	(135,1,'Roditelj135','Roditelj135','Adresa','016123123','0621231237'),
	(136,1,'Roditelj136','Roditelj136','Adresa','016123123','0621231237'),
	(137,1,'Roditelj137','Roditelj137','Adresa','016123123','0621231237'),
	(138,1,'Roditelj138','Roditelj138','Adresa','016123123','0621231237'),
	(139,3,'Roditelj139','Roditelj139','Adresa','016123123','0621231237'),
	(140,3,'Roditelj140','Roditelj140','Adresa','016123123','0621231237'),
	(141,2,'Roditelj141','Roditelj141','Adresa','016123123','0621231237'),
	(142,1,'Roditelj142','Roditelj142','Adresa','016123123','0621231237'),
	(143,2,'Roditelj143','Roditelj143','Adresa','016123123','0621231237'),
	(144,1,'Roditelj144','Roditelj144','Adresa','016123123','0621231237'),
	(145,1,'Roditelj145','Roditelj145','Adresa','016123123','0621231237'),
	(146,1,'Roditelj146','Roditelj146','Adresa','016123123','0621231237'),
	(147,2,'Roditelj147','Roditelj147','Adresa','016123123','0621231237'),
	(148,1,'Roditelj148','Roditelj148','Adresa','016123123','0621231237'),
	(149,3,'Roditelj149','Roditelj149','Adresa','016123123','0621231237'),
	(150,1,'Roditelj150','Roditelj150','Adresa','016123123','0621231237'),
	(151,2,'Roditelj151','Roditelj151','Adresa','016123123','0621231237'),
	(152,3,'Roditelj152','Roditelj152','Adresa','016123123','0621231237'),
	(153,3,'Roditelj153','Roditelj153','Adresa','016123123','0621231237'),
	(154,1,'Roditelj154','Roditelj154','Adresa','016123123','0621231237'),
	(155,2,'Roditelj155','Roditelj155','Adresa','016123123','0621231237'),
	(156,1,'Roditelj156','Roditelj156','Adresa','016123123','0621231237'),
	(157,2,'Roditelj157','Roditelj157','Adresa','016123123','0621231237'),
	(158,2,'Roditelj158','Roditelj158','Adresa','016123123','0621231237'),
	(159,1,'Roditelj159','Roditelj159','Adresa','016123123','0621231237'),
	(160,1,'Roditelj160','Roditelj160','Adresa','016123123','0621231237'),
	(161,1,'Roditelj161','Roditelj161','Adresa','016123123','0621231237'),
	(162,3,'Roditelj162','Roditelj162','Adresa','016123123','0621231237'),
	(163,1,'Roditelj163','Roditelj163','Adresa','016123123','0621231237'),
	(164,3,'Roditelj164','Roditelj164','Adresa','016123123','0621231237'),
	(165,3,'Roditelj165','Roditelj165','Adresa','016123123','0621231237'),
	(166,3,'Roditelj166','Roditelj166','Adresa','016123123','0621231237'),
	(167,1,'Roditelj167','Roditelj167','Adresa','016123123','0621231237'),
	(168,3,'Roditelj168','Roditelj168','Adresa','016123123','0621231237'),
	(169,1,'Roditelj169','Roditelj169','Adresa','016123123','0621231237'),
	(170,3,'Roditelj170','Roditelj170','Adresa','016123123','0621231237'),
	(171,1,'Roditelj171','Roditelj171','Adresa','016123123','0621231237'),
	(172,1,'Roditelj172','Roditelj172','Adresa','016123123','0621231237'),
	(173,2,'Roditelj173','Roditelj173','Adresa','016123123','0621231237'),
	(174,2,'Roditelj174','Roditelj174','Adresa','016123123','0621231237'),
	(175,1,'Roditelj175','Roditelj175','Adresa','016123123','0621231237'),
	(176,1,'Roditelj176','Roditelj176','Adresa','016123123','0621231237'),
	(177,1,'Roditelj177','Roditelj177','Adresa','016123123','0621231237'),
	(178,2,'Roditelj178','Roditelj178','Adresa','016123123','0621231237'),
	(179,1,'Roditelj179','Roditelj179','Adresa','016123123','0621231237'),
	(180,2,'Roditelj180','Roditelj180','Adresa','016123123','0621231237'),
	(181,1,'Roditelj181','Roditelj181','Adresa','016123123','0621231237'),
	(182,1,'Roditelj182','Roditelj182','Adresa','016123123','0621231237'),
	(183,2,'Roditelj183','Roditelj183','Adresa','016123123','0621231237'),
	(184,2,'Roditelj184','Roditelj184','Adresa','016123123','0621231237'),
	(185,1,'Roditelj185','Roditelj185','Adresa','016123123','0621231237'),
	(186,1,'Roditelj186','Roditelj186','Adresa','016123123','0621231237'),
	(187,1,'Roditelj187','Roditelj187','Adresa','016123123','0621231237'),
	(188,2,'Roditelj188','Roditelj188','Adresa','016123123','0621231237'),
	(189,3,'Roditelj189','Roditelj189','Adresa','016123123','0621231237'),
	(190,1,'Roditelj190','Roditelj190','Adresa','016123123','0621231237'),
	(191,2,'Roditelj191','Roditelj191','Adresa','016123123','0621231237'),
	(192,3,'Roditelj192','Roditelj192','Adresa','016123123','0621231237'),
	(193,1,'Roditelj193','Roditelj193','Adresa','016123123','0621231237'),
	(194,2,'Roditelj194','Roditelj194','Adresa','016123123','0621231237'),
	(195,3,'Roditelj195','Roditelj195','Adresa','016123123','0621231237'),
	(196,3,'Roditelj196','Roditelj196','Adresa','016123123','0621231237'),
	(197,1,'Roditelj197','Roditelj197','Adresa','016123123','0621231237'),
	(198,3,'Roditelj198','Roditelj198','Adresa','016123123','0621231237'),
	(199,1,'Roditelj199','Roditelj199','Adresa','016123123','0621231237'),
	(200,1,'Roditelj200','Roditelj200','Adresa','016123123','0621231237'),
	(201,3,'Roditelj201','Roditelj201','Adresa','016123123','0621231237'),
	(202,2,'Roditelj202','Roditelj202','Adresa','016123123','0621231237'),
	(203,1,'Roditelj203','Roditelj203','Adresa','016123123','0621231237'),
	(204,1,'Roditelj204','Roditelj204','Adresa','016123123','0621231237'),
	(205,3,'Roditelj205','Roditelj205','Adresa','016123123','0621231237'),
	(206,2,'Roditelj206','Roditelj206','Adresa','016123123','0621231237'),
	(207,1,'Roditelj207','Roditelj207','Adresa','016123123','0621231237'),
	(208,2,'Roditelj208','Roditelj208','Adresa','016123123','0621231237'),
	(209,3,'Roditelj209','Roditelj209','Adresa','016123123','0621231237'),
	(210,1,'Roditelj210','Roditelj210','Adresa','016123123','0621231237'),
	(211,1,'Roditelj211','Roditelj211','Adresa','016123123','0621231237'),
	(212,1,'Roditelj212','Roditelj212','Adresa','016123123','0621231237'),
	(213,1,'Roditelj213','Roditelj213','Adresa','016123123','0621231237'),
	(214,2,'Roditelj214','Roditelj214','Adresa','016123123','0621231237'),
	(215,3,'Roditelj215','Roditelj215','Adresa','016123123','0621231237'),
	(216,3,'Roditelj216','Roditelj216','Adresa','016123123','0621231237'),
	(217,1,'Roditelj217','Roditelj217','Adresa','016123123','0621231237'),
	(218,3,'Roditelj218','Roditelj218','Adresa','016123123','0621231237'),
	(219,2,'Roditelj219','Roditelj219','Adresa','016123123','0621231237'),
	(220,3,'Roditelj220','Roditelj220','Adresa','016123123','0621231237'),
	(221,3,'Roditelj221','Roditelj221','Adresa','016123123','0621231237'),
	(222,3,'Roditelj222','Roditelj222','Adresa','016123123','0621231237'),
	(223,1,'Roditelj223','Roditelj223','Adresa','016123123','0621231237'),
	(224,1,'Roditelj224','Roditelj224','Adresa','016123123','0621231237'),
	(225,1,'Roditelj225','Roditelj225','Adresa','016123123','0621231237'),
	(226,2,'Roditelj226','Roditelj226','Adresa','016123123','0621231237'),
	(227,3,'Roditelj227','Roditelj227','Adresa','016123123','0621231237'),
	(228,3,'Roditelj228','Roditelj228','Adresa','016123123','0621231237'),
	(229,3,'Roditelj229','Roditelj229','Adresa','016123123','0621231237'),
	(230,2,'Roditelj230','Roditelj230','Adresa','016123123','0621231237'),
	(231,1,'Roditelj231','Roditelj231','Adresa','016123123','0621231237'),
	(232,2,'Roditelj232','Roditelj232','Adresa','016123123','0621231237'),
	(233,1,'Roditelj233','Roditelj233','Adresa','016123123','0621231237'),
	(234,3,'Roditelj234','Roditelj234','Adresa','016123123','0621231237'),
	(235,2,'Roditelj235','Roditelj235','Adresa','016123123','0621231237'),
	(236,3,'Roditelj236','Roditelj236','Adresa','016123123','0621231237'),
	(237,1,'Roditelj237','Roditelj237','Adresa','016123123','0621231237'),
	(238,2,'Roditelj238','Roditelj238','Adresa','016123123','0621231237'),
	(239,2,'Roditelj239','Roditelj239','Adresa','016123123','0621231237'),
	(240,3,'Roditelj240','Roditelj240','Adresa','016123123','0621231237'),
	(241,3,'Roditelj241','Roditelj241','Adresa','016123123','0621231237'),
	(242,2,'Roditelj242','Roditelj242','Adresa','016123123','0621231237'),
	(243,2,'Roditelj243','Roditelj243','Adresa','016123123','0621231237'),
	(244,3,'Roditelj244','Roditelj244','Adresa','016123123','0621231237'),
	(245,1,'Roditelj245','Roditelj245','Adresa','016123123','0621231237'),
	(246,2,'Roditelj246','Roditelj246','Adresa','016123123','0621231237'),
	(247,2,'Roditelj247','Roditelj247','Adresa','016123123','0621231237'),
	(248,2,'Roditelj248','Roditelj248','Adresa','016123123','0621231237'),
	(249,3,'Roditelj249','Roditelj249','Adresa','016123123','0621231237'),
	(250,3,'Roditelj250','Roditelj250','Adresa','016123123','0621231237');

INSERT INTO Dete VALUES 
	(1,1,'Detej1','Dete1','2009.7.28','2010.7.28','beleska',24),
	(2,2,'Detej2','Dete2','2004.8.29','2006.8.29','beleska',221),
	(3,2,'Detej3','Dete3','2004.2.25','2006.2.25','beleska',241),
	(4,1,'Detej4','Dete4','2004.6.7','2005.6.7','beleska',168),
	(5,2,'Detej5','Dete5','2000.9.26','2002.9.26','beleska',62),
	(6,2,'Detej6','Dete6','2005.7.5','2007.7.5','beleska',34),
	(7,1,'Detej7','Dete7','2000.5.11','2001.5.11','beleska',1),
	(8,2,'Detej8','Dete8','2005.11.19','2007.11.19','beleska',121),
	(9,1,'Detej9','Dete9','2008.1.9','2009.1.9','beleska',205),
	(10,1,'Detej10','Dete10','2007.8.5','2008.8.5','beleska',156),
	(11,2,'Detej11','Dete11','2006.4.27','2008.4.27','beleska',65),
	(12,1,'Detej12','Dete12','2001.8.2','2002.8.2','beleska',4),
	(13,1,'Detej13','Dete13','2008.6.25','2009.6.25','beleska',82),
	(14,2,'Detej14','Dete14','2009.9.10','2011.9.10','beleska',237),
	(15,2,'Detej15','Dete15','2005.10.5','2007.10.5','beleska',29),
	(16,1,'Detej16','Dete16','2000.6.26','2001.6.26','beleska',109),
	(17,1,'Detej17','Dete17','2009.5.19','2010.5.19','beleska',84),
	(18,2,'Detej18','Dete18','2007.6.4','2009.6.4','beleska',100),
	(19,2,'Detej19','Dete19','2008.10.6','2010.10.6','beleska',77),
	(20,2,'Detej20','Dete20','2002.2.20','2004.2.20','beleska',4),
	(21,1,'Detej21','Dete21','2000.4.6','2001.4.6','beleska',162),
	(22,1,'Detej22','Dete22','2007.2.22','2008.2.22','beleska',179),
	(23,2,'Detej23','Dete23','2006.9.23','2008.9.23','beleska',240),
	(24,1,'Detej24','Dete24','2003.10.29','2004.10.29','beleska',106),
	(25,1,'Detej25','Dete25','2004.7.24','2005.7.24','beleska',61),
	(26,2,'Detej26','Dete26','2006.8.13','2008.8.13','beleska',54),
	(27,1,'Detej27','Dete27','2008.9.24','2009.9.24','beleska',37),
	(28,2,'Detej28','Dete28','2005.3.8','2007.3.8','beleska',66),
	(29,1,'Detej29','Dete29','2005.9.11','2006.9.11','beleska',174),
	(30,2,'Detej30','Dete30','2001.2.2','2003.2.2','beleska',155),
	(31,1,'Detej31','Dete31','2004.3.14','2005.3.14','beleska',164),
	(32,2,'Detej32','Dete32','2004.6.15','2006.6.15','beleska',53),
	(33,1,'Detej33','Dete33','2009.8.17','2010.8.17','beleska',9),
	(34,2,'Detej34','Dete34','2008.11.5','2010.11.5','beleska',20),
	(35,2,'Detej35','Dete35','2000.7.24','2002.7.24','beleska',211),
	(36,2,'Detej36','Dete36','2006.3.8','2008.3.8','beleska',175),
	(37,1,'Detej37','Dete37','2005.8.4','2006.8.4','beleska',24),
	(38,2,'Detej38','Dete38','2006.4.29','2008.4.29','beleska',181),
	(39,1,'Detej39','Dete39','2000.9.3','2001.9.3','beleska',196),
	(40,1,'Detej40','Dete40','2008.3.21','2009.3.21','beleska',177),
	(41,1,'Detej41','Dete41','2001.11.6','2002.11.6','beleska',182),
	(42,1,'Detej42','Dete42','2008.5.28','2009.5.28','beleska',143),
	(43,1,'Detej43','Dete43','2002.3.13','2003.3.13','beleska',146),
	(44,1,'Detej44','Dete44','2003.7.3','2004.7.3','beleska',114),
	(45,2,'Detej45','Dete45','2005.11.21','2007.11.21','beleska',99),
	(46,1,'Detej46','Dete46','2003.6.21','2004.6.21','beleska',195),
	(47,2,'Detej47','Dete47','2004.6.23','2006.6.23','beleska',220),
	(48,1,'Detej48','Dete48','2006.6.20','2007.6.20','beleska',233),
	(49,2,'Detej49','Dete49','2003.5.26','2005.5.26','beleska',228),
	(50,2,'Detej50','Dete50','2008.4.29','2010.4.29','beleska',137),
	(51,2,'Detej51','Dete51','2002.2.23','2004.2.23','beleska',97),
	(52,1,'Detej52','Dete52','2001.3.4','2002.3.4','beleska',42),
	(53,2,'Detej53','Dete53','2002.8.4','2004.8.4','beleska',67),
	(54,1,'Detej54','Dete54','2006.6.3','2007.6.3','beleska',44),
	(55,1,'Detej55','Dete55','2008.11.5','2009.11.5','beleska',206),
	(56,1,'Detej56','Dete56','2001.2.26','2002.2.26','beleska',22),
	(57,2,'Detej57','Dete57','2009.6.1','2011.6.1','beleska',241),
	(58,1,'Detej58','Dete58','2002.9.21','2003.9.21','beleska',165),
	(59,1,'Detej59','Dete59','2004.4.29','2005.4.29','beleska',184),
	(60,2,'Detej60','Dete60','2006.3.18','2008.3.18','beleska',157),
	(61,2,'Detej61','Dete61','2003.4.25','2005.4.25','beleska',212),
	(62,2,'Detej62','Dete62','2002.11.23','2004.11.23','beleska',133),
	(63,2,'Detej63','Dete63','2000.4.18','2002.4.18','beleska',248),
	(64,2,'Detej64','Dete64','2007.8.20','2009.8.20','beleska',80),
	(65,2,'Detej65','Dete65','2009.9.27','2011.9.27','beleska',226),
	(66,1,'Detej66','Dete66','2005.11.15','2006.11.15','beleska',106),
	(67,1,'Detej67','Dete67','2009.6.7','2010.6.7','beleska',114),
	(68,2,'Detej68','Dete68','2006.8.6','2008.8.6','beleska',152),
	(69,2,'Detej69','Dete69','2002.11.22','2004.11.22','beleska',94),
	(70,1,'Detej70','Dete70','2000.9.8','2001.9.8','beleska',161),
	(71,1,'Detej71','Dete71','2009.7.1','2010.7.1','beleska',222),
	(72,2,'Detej72','Dete72','2006.5.12','2008.5.12','beleska',227),
	(73,1,'Detej73','Dete73','2003.6.12','2004.6.12','beleska',6),
	(74,2,'Detej74','Dete74','2006.2.27','2008.2.27','beleska',19),
	(75,1,'Detej75','Dete75','2000.5.23','2001.5.23','beleska',164),
	(76,1,'Detej76','Dete76','2009.1.21','2010.1.21','beleska',154),
	(77,2,'Detej77','Dete77','2007.8.5','2009.8.5','beleska',92),
	(78,1,'Detej78','Dete78','2003.6.14','2004.6.14','beleska',116),
	(79,2,'Detej79','Dete79','2002.4.23','2004.4.23','beleska',249),
	(80,2,'Detej80','Dete80','2007.7.6','2009.7.6','beleska',13),
	(81,1,'Detej81','Dete81','2009.10.4','2010.10.4','beleska',11),
	(82,2,'Detej82','Dete82','2005.9.24','2007.9.24','beleska',215),
	(83,1,'Detej83','Dete83','2005.8.19','2006.8.19','beleska',239),
	(84,1,'Detej84','Dete84','2006.4.26','2007.4.26','beleska',68),
	(85,1,'Detej85','Dete85','2001.8.4','2002.8.4','beleska',185),
	(86,1,'Detej86','Dete86','2007.8.27','2008.8.27','beleska',93),
	(87,1,'Detej87','Dete87','2003.10.18','2004.10.18','beleska',207),
	(88,2,'Detej88','Dete88','2009.7.13','2011.7.13','beleska',109),
	(89,2,'Detej89','Dete89','2005.8.10','2007.8.10','beleska',231),
	(90,2,'Detej90','Dete90','2006.8.21','2008.8.21','beleska',100),
	(91,2,'Detej91','Dete91','2004.8.4','2006.8.4','beleska',110),
	(92,1,'Detej92','Dete92','2002.8.1','2003.8.1','beleska',229),
	(93,1,'Detej93','Dete93','2008.10.19','2009.10.19','beleska',33),
	(94,1,'Detej94','Dete94','2007.1.26','2008.1.26','beleska',152),
	(95,2,'Detej95','Dete95','2000.11.8','2002.11.8','beleska',90),
	(96,1,'Detej96','Dete96','2004.4.10','2005.4.10','beleska',49),
	(97,2,'Detej97','Dete97','2000.11.9','2002.11.9','beleska',189),
	(98,2,'Detej98','Dete98','2006.8.7','2008.8.7','beleska',100),
	(99,2,'Detej99','Dete99','2001.7.4','2003.7.4','beleska',39),
	(100,2,'Detej100','Dete100','2006.1.1','2008.1.1','beleska',18),
	(101,1,'Detej101','Dete101','2005.9.3','2006.9.3','beleska',158),
	(102,1,'Detej102','Dete102','2005.6.29','2006.6.29','beleska',99),
	(103,1,'Detej103','Dete103','2009.5.9','2010.5.9','beleska',116),
	(104,2,'Detej104','Dete104','2008.7.26','2010.7.26','beleska',19),
	(105,2,'Detej105','Dete105','2000.10.2','2002.10.2','beleska',243),
	(106,1,'Detej106','Dete106','2004.9.22','2005.9.22','beleska',41),
	(107,1,'Detej107','Dete107','2004.4.3','2005.4.3','beleska',135),
	(108,1,'Detej108','Dete108','2002.10.2','2003.10.2','beleska',54),
	(109,1,'Detej109','Dete109','2001.9.2','2002.9.2','beleska',220),
	(110,1,'Detej110','Dete110','2007.3.17','2008.3.17','beleska',54),
	(111,1,'Detej111','Dete111','2000.2.3','2001.2.3','beleska',49),
	(112,1,'Detej112','Dete112','2006.9.18','2007.9.18','beleska',143),
	(113,1,'Detej113','Dete113','2007.8.26','2008.8.26','beleska',228),
	(114,2,'Detej114','Dete114','2006.4.6','2008.4.6','beleska',15),
	(115,1,'Detej115','Dete115','2009.7.17','2010.7.17','beleska',203),
	(116,1,'Detej116','Dete116','2003.10.21','2004.10.21','beleska',200),
	(117,1,'Detej117','Dete117','2002.3.9','2003.3.9','beleska',91),
	(118,2,'Detej118','Dete118','2002.3.25','2004.3.25','beleska',120),
	(119,2,'Detej119','Dete119','2005.4.28','2007.4.28','beleska',132),
	(120,1,'Detej120','Dete120','2004.10.12','2005.10.12','beleska',38),
	(121,1,'Detej121','Dete121','2004.1.6','2005.1.6','beleska',151),
	(122,2,'Detej122','Dete122','2005.7.2','2007.7.2','beleska',56),
	(123,1,'Detej123','Dete123','2008.1.11','2009.1.11','beleska',63),
	(124,2,'Detej124','Dete124','2004.5.1','2006.5.1','beleska',173),
	(125,1,'Detej125','Dete125','2003.5.20','2004.5.20','beleska',203),
	(126,2,'Detej126','Dete126','2006.7.4','2008.7.4','beleska',69),
	(127,2,'Detej127','Dete127','2004.5.12','2006.5.12','beleska',87),
	(128,2,'Detej128','Dete128','2001.1.20','2003.1.20','beleska',217),
	(129,2,'Detej129','Dete129','2006.3.12','2008.3.12','beleska',245),
	(130,1,'Detej130','Dete130','2005.11.7','2006.11.7','beleska',166),
	(131,2,'Detej131','Dete131','2000.10.7','2002.10.7','beleska',164),
	(132,1,'Detej132','Dete132','2000.5.11','2001.5.11','beleska',58),
	(133,1,'Detej133','Dete133','2008.6.5','2009.6.5','beleska',135),
	(134,1,'Detej134','Dete134','2004.8.21','2005.8.21','beleska',195),
	(135,2,'Detej135','Dete135','2004.9.10','2006.9.10','beleska',134),
	(136,1,'Detej136','Dete136','2001.1.12','2002.1.12','beleska',42),
	(137,1,'Detej137','Dete137','2007.5.12','2008.5.12','beleska',193),
	(138,1,'Detej138','Dete138','2006.3.26','2007.3.26','beleska',79),
	(139,1,'Detej139','Dete139','2007.8.10','2008.8.10','beleska',203),
	(140,1,'Detej140','Dete140','2001.1.10','2002.1.10','beleska',21),
	(141,1,'Detej141','Dete141','2008.3.11','2009.3.11','beleska',56),
	(142,1,'Detej142','Dete142','2002.6.1','2003.6.1','beleska',48),
	(143,1,'Detej143','Dete143','2000.11.6','2001.11.6','beleska',14),
	(144,2,'Detej144','Dete144','2005.2.27','2007.2.27','beleska',199),
	(145,2,'Detej145','Dete145','2002.9.8','2004.9.8','beleska',37),
	(146,1,'Detej146','Dete146','2008.5.7','2009.5.7','beleska',192),
	(147,1,'Detej147','Dete147','2001.8.27','2002.8.27','beleska',250),
	(148,2,'Detej148','Dete148','2005.1.6','2007.1.6','beleska',229),
	(149,1,'Detej149','Dete149','2001.2.17','2002.2.17','beleska',4),
	(150,1,'Detej150','Dete150','2007.6.22','2008.6.22','beleska',198),
	(151,1,'Detej151','Dete151','2000.2.16','2001.2.16','beleska',143),
	(152,1,'Detej152','Dete152','2000.11.9','2001.11.9','beleska',249),
	(153,1,'Detej153','Dete153','2008.4.27','2009.4.27','beleska',97),
	(154,1,'Detej154','Dete154','2003.1.8','2004.1.8','beleska',231),
	(155,2,'Detej155','Dete155','2004.11.26','2006.11.26','beleska',74),
	(156,2,'Detej156','Dete156','2000.3.27','2002.3.27','beleska',5),
	(157,1,'Detej157','Dete157','2003.8.26','2004.8.26','beleska',243),
	(158,2,'Detej158','Dete158','2000.3.17','2002.3.17','beleska',232),
	(159,2,'Detej159','Dete159','2005.8.22','2007.8.22','beleska',204),
	(160,2,'Detej160','Dete160','2008.3.7','2010.3.7','beleska',32),
	(161,1,'Detej161','Dete161','2007.3.3','2008.3.3','beleska',122),
	(162,1,'Detej162','Dete162','2001.3.23','2002.3.23','beleska',21),
	(163,1,'Detej163','Dete163','2008.1.2','2009.1.2','beleska',235),
	(164,1,'Detej164','Dete164','2002.5.12','2003.5.12','beleska',9),
	(165,1,'Detej165','Dete165','2001.6.9','2002.6.9','beleska',227),
	(166,2,'Detej166','Dete166','2007.2.7','2009.2.7','beleska',192),
	(167,2,'Detej167','Dete167','2008.11.14','2010.11.14','beleska',43),
	(168,2,'Detej168','Dete168','2001.7.25','2003.7.25','beleska',58),
	(169,1,'Detej169','Dete169','2007.5.7','2008.5.7','beleska',192),
	(170,1,'Detej170','Dete170','2004.8.9','2005.8.9','beleska',229),
	(171,2,'Detej171','Dete171','2004.10.24','2006.10.24','beleska',226),
	(172,2,'Detej172','Dete172','2002.10.7','2004.10.7','beleska',93),
	(173,1,'Detej173','Dete173','2000.1.4','2001.1.4','beleska',78),
	(174,1,'Detej174','Dete174','2009.7.8','2010.7.8','beleska',34),
	(175,1,'Detej175','Dete175','2006.6.27','2007.6.27','beleska',221),
	(176,2,'Detej176','Dete176','2006.3.9','2008.3.9','beleska',35),
	(177,2,'Detej177','Dete177','2000.10.18','2002.10.18','beleska',77),
	(178,2,'Detej178','Dete178','2009.2.27','2011.2.27','beleska',180),
	(179,1,'Detej179','Dete179','2002.5.18','2003.5.18','beleska',245),
	(180,1,'Detej180','Dete180','2007.4.3','2008.4.3','beleska',191),
	(181,2,'Detej181','Dete181','2008.5.2','2010.5.2','beleska',249),
	(182,2,'Detej182','Dete182','2009.11.6','2011.11.6','beleska',69),
	(183,1,'Detej183','Dete183','2000.7.8','2001.7.8','beleska',172),
	(184,2,'Detej184','Dete184','2001.5.11','2003.5.11','beleska',53),
	(185,1,'Detej185','Dete185','2007.8.26','2008.8.26','beleska',49),
	(186,1,'Detej186','Dete186','2002.11.23','2003.11.23','beleska',153),
	(187,2,'Detej187','Dete187','2003.2.13','2005.2.13','beleska',100),
	(188,2,'Detej188','Dete188','2007.10.25','2009.10.25','beleska',119),
	(189,1,'Detej189','Dete189','2000.11.15','2001.11.15','beleska',201),
	(190,2,'Detej190','Dete190','2006.2.19','2008.2.19','beleska',243),
	(191,2,'Detej191','Dete191','2002.11.19','2004.11.19','beleska',162),
	(192,2,'Detej192','Dete192','2001.6.23','2003.6.23','beleska',60),
	(193,1,'Detej193','Dete193','2009.2.9','2010.2.9','beleska',7),
	(194,1,'Detej194','Dete194','2008.2.10','2009.2.10','beleska',79),
	(195,1,'Detej195','Dete195','2002.7.27','2003.7.27','beleska',128),
	(196,2,'Detej196','Dete196','2007.3.5','2009.3.5','beleska',48),
	(197,1,'Detej197','Dete197','2001.4.25','2002.4.25','beleska',234),
	(198,1,'Detej198','Dete198','2004.6.22','2005.6.22','beleska',25),
	(199,2,'Detej199','Dete199','2001.1.21','2003.1.21','beleska',90),
	(200,1,'Detej200','Dete200','2008.8.15','2009.8.15','beleska',209),
	(201,1,'Detej201','Dete201','2005.9.4','2006.9.4','beleska',33),
	(202,1,'Detej202','Dete202','2007.1.29','2008.1.29','beleska',94),
	(203,1,'Detej203','Dete203','2008.5.15','2009.5.15','beleska',117),
	(204,1,'Detej204','Dete204','2006.4.2','2007.4.2','beleska',221),
	(205,2,'Detej205','Dete205','2003.5.18','2005.5.18','beleska',223),
	(206,1,'Detej206','Dete206','2002.10.14','2003.10.14','beleska',85),
	(207,2,'Detej207','Dete207','2000.9.22','2002.9.22','beleska',89),
	(208,1,'Detej208','Dete208','2003.3.12','2004.3.12','beleska',108),
	(209,2,'Detej209','Dete209','2003.6.7','2005.6.7','beleska',98),
	(210,1,'Detej210','Dete210','2007.7.15','2008.7.15','beleska',115),
	(211,2,'Detej211','Dete211','2005.7.17','2007.7.17','beleska',50),
	(212,2,'Detej212','Dete212','2000.2.1','2002.2.1','beleska',205),
	(213,1,'Detej213','Dete213','2008.7.6','2009.7.6','beleska',42),
	(214,1,'Detej214','Dete214','2001.7.10','2002.7.10','beleska',98),
	(215,2,'Detej215','Dete215','2004.11.7','2006.11.7','beleska',133),
	(216,2,'Detej216','Dete216','2007.3.11','2009.3.11','beleska',128),
	(217,2,'Detej217','Dete217','2006.5.26','2008.5.26','beleska',135),
	(218,2,'Detej218','Dete218','2004.2.7','2006.2.7','beleska',209),
	(219,1,'Detej219','Dete219','2001.3.10','2002.3.10','beleska',94),
	(220,2,'Detej220','Dete220','2007.4.3','2009.4.3','beleska',141),
	(221,2,'Detej221','Dete221','2001.3.22','2003.3.22','beleska',73),
	(222,1,'Detej222','Dete222','2006.5.2','2007.5.2','beleska',188),
	(223,1,'Detej223','Dete223','2008.10.10','2009.10.10','beleska',10),
	(224,2,'Detej224','Dete224','2004.8.17','2006.8.17','beleska',133),
	(225,1,'Detej225','Dete225','2000.5.29','2001.5.29','beleska',235),
	(226,1,'Detej226','Dete226','2002.7.16','2003.7.16','beleska',90),
	(227,2,'Detej227','Dete227','2004.2.15','2006.2.15','beleska',181),
	(228,1,'Detej228','Dete228','2003.7.26','2004.7.26','beleska',90),
	(229,2,'Detej229','Dete229','2000.1.7','2002.1.7','beleska',57),
	(230,1,'Detej230','Dete230','2003.10.23','2004.10.23','beleska',134),
	(231,1,'Detej231','Dete231','2000.9.23','2001.9.23','beleska',26),
	(232,2,'Detej232','Dete232','2007.3.11','2009.3.11','beleska',67),
	(233,2,'Detej233','Dete233','2000.10.4','2002.10.4','beleska',123),
	(234,1,'Detej234','Dete234','2007.4.28','2008.4.28','beleska',151),
	(235,1,'Detej235','Dete235','2008.10.21','2009.10.21','beleska',36),
	(236,1,'Detej236','Dete236','2009.2.20','2010.2.20','beleska',226),
	(237,2,'Detej237','Dete237','2003.10.11','2005.10.11','beleska',2),
	(238,2,'Detej238','Dete238','2006.4.17','2008.4.17','beleska',156),
	(239,1,'Detej239','Dete239','2001.4.6','2002.4.6','beleska',141),
	(240,1,'Detej240','Dete240','2001.11.28','2002.11.28','beleska',53),
	(241,2,'Detej241','Dete241','2000.11.17','2002.11.17','beleska',205),
	(242,1,'Detej242','Dete242','2002.1.21','2003.1.21','beleska',66),
	(243,1,'Detej243','Dete243','2006.7.15','2007.7.15','beleska',80),
	(244,2,'Detej244','Dete244','2001.6.8','2003.6.8','beleska',25),
	(245,2,'Detej245','Dete245','2003.9.25','2005.9.25','beleska',233),
	(246,2,'Detej246','Dete246','2005.8.11','2007.8.11','beleska',4),
	(247,2,'Detej247','Dete247','2009.3.29','2011.3.29','beleska',191),
	(248,1,'Detej248','Dete248','2004.3.10','2005.3.10','beleska',245),
	(249,2,'Detej249','Dete249','2006.8.17','2008.8.17','beleska',90),
	(250,2,'Detej250','Dete250','2005.9.15','2007.9.15','beleska',228);

INSERT INTO Koordinator VALUES
	(1,'Koordinator1','Koordinator1','Zvanje','Adresa','0621231237'),
	(2,'Koordinator2','Koordinator2','Zvanje','Adresa','0621231237'),
	(3,'Koordinator3','Koordinator3','Zvanje','Adresa','0621231237'),
	(4,'Koordinator4','Koordinator4','Zvanje','Adresa','0621231237'),
	(5,'Koordinator5','Koordinator5','Zvanje','Adresa','0621231237'),
	(6,'Koordinator6','Koordinator6','Zvanje','Adresa','0621231237'),
	(7,'Koordinator7','Koordinator7','Zvanje','Adresa','0621231237'),
	(8,'Koordinator8','Koordinator8','Zvanje','Adresa','0621231237'),
	(9,'Koordinator9','Koordinator9','Zvanje','Adresa','0621231237'),
	(10,'Koordinator10','Koordinator10','Zvanje','Adresa','0621231237'),
	(11,'Koordinator11','Koordinator11','Zvanje','Adresa','0621231237'),
	(12,'Koordinator12','Koordinator12','Zvanje','Adresa','0621231237'),
	(13,'Koordinator13','Koordinator13','Zvanje','Adresa','0621231237'),
	(14,'Koordinator14','Koordinator14','Zvanje','Adresa','0621231237'),
	(15,'Koordinator15','Koordinator15','Zvanje','Adresa','0621231237'),
	(16,'Koordinator16','Koordinator16','Zvanje','Adresa','0621231237'),
	(17,'Koordinator17','Koordinator17','Zvanje','Adresa','0621231237'),
	(18,'Koordinator18','Koordinator18','Zvanje','Adresa','0621231237'),
	(19,'Koordinator19','Koordinator19','Zvanje','Adresa','0621231237'),
	(20,'Koordinator20','Koordinator20','Zvanje','Adresa','0621231237'),
	(21,'Koordinator21','Koordinator21','Zvanje','Adresa','0621231237'),
	(22,'Koordinator22','Koordinator22','Zvanje','Adresa','0621231237'),
	(23,'Koordinator23','Koordinator23','Zvanje','Adresa','0621231237'),
	(24,'Koordinator24','Koordinator24','Zvanje','Adresa','0621231237'),
	(25,'Koordinator25','Koordinator25','Zvanje','Adresa','0621231237');

INSERT INTO Aktivnosti VALUES
	(1,1,'Naziv'1,'Sreda','15:00','151:30'),
	(2,10,'Naziv'2,'Cetvrtak','9:00','91:30'),
	(3,15,'Naziv'3,'Sreda','10:00','101:30'),
	(4,18,'Naziv'4,'Utorak','15:00','151:30'),
	(5,14,'Naziv'5,'Utorak','16:00','161:30'),
	(6,8,'Naziv'6,'Sreda','11:00','111:30'),
	(7,21,'Naziv'7,'Sreda','12:00','121:30'),
	(8,2,'Naziv'8,'Sreda','8:00','81:30'),
	(9,12,'Naziv'9,'Sreda','10:00','101:30'),
	(10,1,'Naziv'10,'Utorak','11:00','111:30'),
	(11,7,'Naziv'11,'Utorak','11:00','111:30'),
	(12,20,'Naziv'12,'Utorak','14:00','141:30'),
	(13,3,'Naziv'13,'Cetvrtak','16:00','161:30'),
	(14,1,'Naziv'14,'Ponedeljak','8:00','81:30'),
	(15,4,'Naziv'15,'Utorak','14:00','141:30'),
	(16,17,'Naziv'16,'Sreda','11:00','111:30'),
	(17,11,'Naziv'17,'Cetvrtak','12:00','121:30'),
	(18,12,'Naziv'18,'Sreda','12:00','121:30'),
	(19,25,'Naziv'19,'Cetvrtak','16:00','161:30'),
	(20,5,'Naziv'20,'Petak','16:00','161:30'),
	(21,5,'Naziv'21,'Petak','13:00','131:30'),
	(22,1,'Naziv'22,'Petak','11:00','111:30'),
	(23,3,'Naziv'23,'Sreda','14:00','141:30'),
	(24,22,'Naziv'24,'Ponedeljak','9:00','91:30'),
	(25,10,'Naziv'25,'Utorak','15:00','151:30'),
	(26,3,'Naziv'26,'Sreda','16:00','161:30'),
	(27,1,'Naziv'27,'Utorak','15:00','151:30'),
	(28,19,'Naziv'28,'Petak','13:00','131:30'),
	(29,20,'Naziv'29,'Petak','15:00','151:30'),
	(30,15,'Naziv'30,'Petak','15:00','151:30'),
	(31,22,'Naziv'31,'Petak','16:00','161:30'),
	(32,6,'Naziv'32,'Ponedeljak','15:00','151:30'),
	(33,11,'Naziv'33,'Sreda','8:00','81:30'),
	(34,2,'Naziv'34,'Utorak','13:00','131:30'),
	(35,12,'Naziv'35,'Cetvrtak','13:00','131:30'),
	(36,2,'Naziv'36,'Utorak','8:00','81:30'),
	(37,6,'Naziv'37,'Cetvrtak','15:00','151:30'),
	(38,14,'Naziv'38,'Petak','9:00','91:30'),
	(39,1,'Naziv'39,'Ponedeljak','12:00','121:30'),
	(40,3,'Naziv'40,'Ponedeljak','10:00','101:30'),
	(41,13,'Naziv'41,'Sreda','12:00','121:30'),
	(42,8,'Naziv'42,'Petak','8:00','81:30'),
	(43,8,'Naziv'43,'Utorak','9:00','91:30'),
	(44,24,'Naziv'44,'Petak','14:00','141:30'),
	(45,3,'Naziv'45,'Petak','16:00','161:30'),
	(46,6,'Naziv'46,'Utorak','10:00','101:30'),
	(47,12,'Naziv'47,'Petak','14:00','141:30'),
	(48,7,'Naziv'48,'Cetvrtak','11:00','111:30'),
	(49,22,'Naziv'49,'Petak','10:00','101:30'),
	(50,25,'Naziv'50,'Cetvrtak','10:00','101:30');







/*Foregin keys*/
ALTER TABLE Registar_Aktivnosti ADD CONSTRAINT FK_Registar_Aktivnosti_aktivnostID FOREIGN KEY (aktivnostID) REFERENCES Aktivnosti(aktivnostID);
ALTER TABLE Registar_Aktivnosti ADD CONSTRAINT FK_Registar_Aktivnosti_deteID FOREIGN KEY (deteID) REFERENCES Dete(deteID);
ALTER TABLE Dete ADD CONSTRAINT FK_Dete_polID FOREIGN KEY (polID) REFERENCES Pol(polID);
ALTER TABLE Dete ADD CONSTRAINT FK_Dete_roditeljID FOREIGN KEY (roditeljID) REFERENCES Roditelj(roditeljID);
ALTER TABLE Roditelj ADD CONSTRAINT FK_Roditelj_svojstvoID FOREIGN KEY (svojstvoID) REFERENCES Svojstvo_Roditelja(svojstvoID);
ALTER TABLE Aktivnosti ADD CONSTRAINT FK_Aktivnosti_koordinatorID FOREIGN KEY (koordinatorID) REFERENCES Koordinator(koordinatorID);




/*
USE master;
DROP DATABASE A5;
*/